Num_plante	PAR_fitness_by_plant	genotype
1	17693.4538387	Maxwell
2	23738.4244161	Maxwell
3	17130.1357782	Maxwell
4	21085.4106851	Maxwell
