Num_plante	PAR_fitness_by_plant	genotype
1	22036.5998374	Maxwell
2	29942.6188082	Maxwell
3	21072.6766107	Maxwell
4	26393.3021866	Maxwell
