Num_plante	PAR_fitness_by_plant	genotype
1	213098.448798	Maxwell
2	297783.676719	Maxwell
3	204606.427068	Maxwell
4	244552.335619	Maxwell
