Parameter	Num_plante	Dse
Dse_ind	1	56.0169377235
Dse_ind	2	66.4442198296
Dse_ind	3	116.025441067
Dse_ind	4	55.5186726152
